Имя	Цена	Фото	Ссылка
1 BedroomCondofor sale at Baan Klang Hua HinCondominium	? 15,000	https://www.dotproperty.co.th/img/pixel-lazyLoad.png	https://www.dotproperty.co.th/en/ads/1-bedroom-condo-for-sale-or-rent-in-baan-klang-hua-hin-prachuap-khiri-khan_7cc4102111d2-6f71-d376-27f5-f3103b3e
1 BedroomCondofor sale at Baan Imm Aim	? 16,000	https://www.dotproperty.co.th/img/pixel-lazyLoad.png	https://www.dotproperty.co.th/en/ads/1-bedroom-condo-for-sale-or-rent-in-baan-imm-aim-huahin-nong-kae-prachuap-khiri-khan_13c6a85cf1e0-1fcf-c9a6-ab70-9b3279fe
1 BedroomCondofor rent at The 88CondoHua Hin	? 16,000	https://www.dotproperty.co.th/img/pixel-lazyLoad.png	https://www.dotproperty.co.th/en/ads/1-bedroom-condo-for-rent-in-the-88-condo-hua-hin-hin-lek-fai-prachuap-khiri-khan_4a4c7efb6353-c30e-33f6-1ab7-f1d5709b
1 BedroomCondofor sale at The Breeze Hua Hin	? 18,000	https://www.dotproperty.co.th/img/pixel-lazyLoad.png	https://www.dotproperty.co.th/en/ads/1-bedroom-condo-for-sale-or-rent-in-the-breeze-condo-hua-hin-nong-kae-prachuap-khiri-khan_136e64303edb-c4f1-85c6-c3fc-7bb926d5
1 BedroomCondofor sale at Summer Hua Hin	? 18,000	https://www.dotproperty.co.th/img/pixel-lazyLoad.png	https://www.dotproperty.co.th/en/ads/1-bedroom-condo-for-sale-or-rent-in-summer-hua-hin-nong-kae-prachuap-khiri-khan_ddb60e8890a6-7bf1-1296-2787-d5866bad
1 BedroomCondofor sale at La Casita	? 18,000	https://www.dotproperty.co.th/img/pixel-lazyLoad.png	https://www.dotproperty.co.th/en/ads/1-bedroom-condo-for-sale-or-rent-in-la-casita-hua-hin-prachuap-khiri-khan_88252c55920e-4820-24c6-6903-9cbc5bc0
1 BedroomCondofor rent at La Habana	? 20,000	https://www.dotproperty.co.th/img/pixel-lazyLoad.png	https://www.dotproperty.co.th/en/ads/1-bedroom-condo-for-rent-in-la-habana-huahin-nong-kae-prachuap-khiri-khan_b54cd4af0780-6231-81f6-9b83-cbd86271
1 BedroomCondofor sale at Baan Nub Kluen	? 24,000	https://www.dotproperty.co.th/img/pixel-lazyLoad.png	https://www.dotproperty.co.th/en/ads/1-bedroom-condo-for-sale-or-rent-in-baan-nub-kluen-nong-kae-prachuap-khiri-khan_ceb9a4b6483b-076e-add6-bebd-65e6570e
2 BedroomCondofor rent at Las TortugasCondo	? 25,000	https://www.dotproperty.co.th/img/pixel-lazyLoad.png	https://www.dotproperty.co.th/en/ads/2-bedroom-condo-for-rent-in-las-tortugas-hua-hin-nong-kae-prachuap-khiri-khan_1756ae69b726-b88e-ba36-668e-e6a09659
1 BedroomCondofor sale at Marrakesh Residences	? 25,000	https://www.dotproperty.co.th/img/pixel-lazyLoad.png	https://www.dotproperty.co.th/en/ads/1-bedroom-condo-for-sale-or-rent-in-marrakesh-huahin-hua-hin-prachuap-khiri-khan_b6064de128e9-20d1-7cd6-267f-ec3b2fad
1 BedroomCondofor sale at Summer Huahin by Sansiri	? 25,000	https://pix.dotproperty.co.th/eyJidWNrZXQiOiJwcmQtbGlmdWxsY29ubmVjdC1iYWNrZW5kLWIyYi1pbWFnZXMiLCJrZXkiOiJpbmdlc3Rlci8xOTRkYjdjNC04YjI1LTMyMjItYTliMi1lZjNjYWYwOGFjN2EvNDcxZTI2NjMxZDNjYmU5NTI4MGM4ZTA0ODVjZDAzYTU0NjExODg3NjdkMzJlNzBlZmE1NTlmOWUxM2NkM2Q0Ny5qcGVnIiwiYnJhbmQiOiJET1RQUk9QRVJUWSIsImVkaXRzIjp7InJlc2l6ZSI6eyJ3aWR0aCI6Mjc1LCJoZWlnaHQiOjE1NSwiZml0IjoiY292ZXIifX19	https://www.dotproperty.co.th/en/ads/1-bedroom-condo-for-sale-or-rent-in-summer-hua-hin-nong-kae-prachuap-khiri-khan_f2df19afd6ab-7e0f-7776-47e1-5d2ec508
2 BedroomCondofor rent at The 88CondoHua Hin	? 25,000	https://www.dotproperty.co.th/img/pixel-lazyLoad.png	https://www.dotproperty.co.th/en/ads/2-bedroom-condo-for-rent-in-the-88-condo-hua-hin-hin-lek-fai-prachuap-khiri-khan_e371384c545a-d49f-e346-d42c-0f039e31
1 BedroomCondofor rent at La Casita	? 26,000	https://www.dotproperty.co.th/img/pixel-lazyLoad.png	https://www.dotproperty.co.th/en/ads/1-bedroom-condo-for-rent-in-la-casita-hua-hin-prachuap-khiri-khan_6bb6c6910f26-862f-c2c6-85ff-a9cd276e
2 BedroomCondofor rent at Baan Kun Koey	? 26,000	https://www.dotproperty.co.th/img/pixel-lazyLoad.png	https://www.dotproperty.co.th/en/ads/2-bedroom-condo-for-rent-in-baan-kunkoey-nong-kae-prachuap-khiri-khan_71c407554aae-f071-5716-1dc7-3139b506
2 BedroomCondofor rent at My Style Hua Hin 102	? 26,000	https://www.dotproperty.co.th/img/pixel-lazyLoad.png	https://www.dotproperty.co.th/en/ads/2-bedroom-condo-for-rent-in-my-style-hua-hin-102-hua-hin-prachuap-khiri-khan_976fea2a9ec6-6c1e-de46-3e30-7cae3e47
1 BedroomCondofor rent at JamjureeCondo	? 28,000	https://pix.dotproperty.co.th/eyJidWNrZXQiOiJwcmQtbGlmdWxsY29ubmVjdC1iYWNrZW5kLWIyYi1pbWFnZXMiLCJrZXkiOiJpbmdlc3Rlci8zY2JhZDNkZS0wNjY3LTNjMjEtYTcxZC1lMjVlM2FiOWNkYmEvNThlYzFkZjVmNjFhY2JlOTVmNWNiOGMyNjlkYTVmZjA3MWU2YzlmOGQwZTQxNjhhMTlkOWYyMjhlZDc2OGRkMi53ZWJwIiwiYnJhbmQiOiJET1RQUk9QRVJUWSIsImVkaXRzIjp7InJlc2l6ZSI6eyJ3aWR0aCI6Mjc1LCJoZWlnaHQiOjE1NSwiZml0IjoiY292ZXIifX19	https://www.dotproperty.co.th/en/ads/1-bedroom-condo-for-rent-in-nong-kae-prachuap-khiri-khan_fecd0ef6b47b-c82f-87d6-2339-bc6cfed6
2 BedroomCondofor rent at My Resort Hua Hin	? 28,000	https://www.dotproperty.co.th/img/pixel-lazyLoad.png	https://www.dotproperty.co.th/en/ads/2-bedroom-condo-for-rent-in-my-resort-hua-hin-hua-hin-prachuap-khiri-khan_6b543ed43fd2-5500-82c6-a66c-26ecf04c
2 BedroomCondofor rent at AutumnCondominium	? 28,000	https://www.dotproperty.co.th/img/pixel-lazyLoad.png	https://www.dotproperty.co.th/en/ads/2-bedroom-condo-for-rent-in-autumn-hua-hin-nong-kae-prachuap-khiri-khan_baa3d8497b09-8ae0-d4b6-8acd-8cc29137
2 BedroomCondofor rent at My Resort Hua Hin	? 28,000	https://www.dotproperty.co.th/img/pixel-lazyLoad.png	https://www.dotproperty.co.th/en/ads/2-bedroom-condo-for-rent-in-my-resort-hua-hin-hua-hin-prachuap-khiri-khan_e59cee9647eb-1f4e-7926-9f39-07fd7db5
2 BedroomCondofor sale at My Resort Hua Hin	? 30,000	https://pix.dotproperty.co.th/eyJidWNrZXQiOiJwcmQtbGlmdWxsY29ubmVjdC1iYWNrZW5kLWIyYi1pbWFnZXMiLCJrZXkiOiJpbmdlc3Rlci8xZmViMDgxYS02NjQwLTMyZmUtOGM0MS05NTcxZGY2Zjg5ZmIvZGUxZmU5ZWE4ODk3YTEyNGM4YjM1ZTk1OTYzNjdjYTVjZjA0MGRjY2JiNjQ3MWZkMWYyMTMxY2Q0NGU1YmNkMi5qcGVnIiwiYnJhbmQiOiJET1RQUk9QRVJUWSIsImVkaXRzIjp7InJlc2l6ZSI6eyJ3aWR0aCI6Mjc1LCJoZWlnaHQiOjE1NSwiZml0IjoiY292ZXIifX19	https://www.dotproperty.co.th/en/ads/2-bedroom-condo-for-sale-or-rent-in-my-resort-hua-hin-hua-hin-prachuap-khiri-khan_ea01a3ac8240-85d1-ba76-9533-f819eba8
2 BedroomCondofor rent at The Breeze Hua Hin	? 30,000	https://www.dotproperty.co.th/img/pixel-lazyLoad.png	https://www.dotproperty.co.th/en/ads/2-bedroom-condo-for-rent-in-the-breeze-condo-hua-hin-nong-kae-prachuap-khiri-khan_ed5c7c6815d5-7f60-9146-42d4-8230fd39
1 BedroomCondofor sale at Blue Mountain Hua Hin	? 30,000	https://pix.dotproperty.co.th/eyJidWNrZXQiOiJwcmQtbGlmdWxsY29ubmVjdC1iYWNrZW5kLWIyYi1pbWFnZXMiLCJrZXkiOiJpbmdlc3Rlci9jZTRkZTc5OS00ZmY4LTNmZTktYWFlMy01MmI2YmE1YTAyNTkvMDUzY2UyMTM3ZTI5YmExNGE1N2U1YTA3YzQ5ZWI1MTE2NTIxYmQ2NTNhM2E5NjIwYWNhNjUyMTkyNzViN2MyZi53ZWJwIiwiYnJhbmQiOiJET1RQUk9QRVJUWSIsImVkaXRzIjp7InJlc2l6ZSI6eyJ3aWR0aCI6Mjc1LCJoZWlnaHQiOjE1NSwiZml0IjoiY292ZXIifX19	https://www.dotproperty.co.th/en/ads/1-bedroom-condo-for-sale-or-rent-in-blue-mountain-hua-hin-prachuap-khiri-khan_0479f4fe3e74-6bff-0ba6-1aa5-002bc5bd
1 BedroomCondofor rent at Marrakesh Residences	? 30,000	https://www.dotproperty.co.th/img/pixel-lazyLoad.png	https://www.dotproperty.co.th/en/ads/1-bedroom-condo-for-rent-in-marrakesh-huahin-hua-hin-prachuap-khiri-khan_afe01e939d56-d43e-4a96-6185-96404bee
2 BedroomCondofor sale at My Resort Hua Hin	? 35,000	https://pix.dotproperty.co.th/eyJidWNrZXQiOiJwcmQtbGlmdWxsY29ubmVjdC1iYWNrZW5kLWIyYi1pbWFnZXMiLCJrZXkiOiJpbmdlc3Rlci82Njc5ZDI2Yi0wOGY0LTMwYzMtOGRlYi0yOTA4MWFmOTExNmIvNmNlYjBhMGU4ODFiODlkNmE4YWI1Y2YyNzdjYjRhOTUyMjIzYjFiNzM2NWIxOWM4NGUyOWUyNGQ5YmI3MjJhMC53ZWJwIiwiYnJhbmQiOiJET1RQUk9QRVJUWSIsImVkaXRzIjp7InJlc2l6ZSI6eyJ3aWR0aCI6Mjc1LCJoZWlnaHQiOjE1NSwiZml0IjoiY292ZXIifX19	https://www.dotproperty.co.th/en/ads/2-bedroom-condo-for-sale-or-rent-in-my-resort-hua-hin-hua-hin-prachuap-khiri-khan_e3880af81907-ebc1-6d96-5a19-e37c0233
2 BedroomCondofor rent at Tira TiraaCondominium	? 35,000	https://www.dotproperty.co.th/img/pixel-lazyLoad.png	https://www.dotproperty.co.th/en/ads/2-bedroom-condo-for-rent-in-hua-hin-prachuap-khiri-khan_bd51009e6dde-2aa0-af56-117c-1cfb4506
2 BedroomCondofor rent at La Casita	? 35,000	https://www.dotproperty.co.th/img/pixel-lazyLoad.png	https://www.dotproperty.co.th/en/ads/2-bedroom-condo-for-rent-in-la-casita-hua-hin-prachuap-khiri-khan_945ca27a946b-a821-2896-b5ef-0a5d8684
2 BedroomCondofor sale at The Breeze Hua Hin	? 35,000	https://www.dotproperty.co.th/img/pixel-lazyLoad.png	https://www.dotproperty.co.th/en/ads/2-bedroom-condo-for-sale-or-rent-in-the-breeze-condo-hua-hin-nong-kae-prachuap-khiri-khan_9200aaa09c60-24f0-cff6-15c3-334bdac4
2 BedroomCondofor sale at My Resort Hua Hin	? 35,000	https://www.dotproperty.co.th/img/pixel-lazyLoad.png	https://www.dotproperty.co.th/en/ads/2-bedroom-condo-for-sale-or-rent-in-my-resort-hua-hin-hua-hin-prachuap-khiri-khan_04e06038f227-2681-25b6-d9b0-dfd7155c
3 BedroomCondofor rent at SeaRidge	? 35,000	https://www.dotproperty.co.th/img/pixel-lazyLoad.png	https://www.dotproperty.co.th/en/ads/3-bedroom-condo-for-rent-in-searidge-resort-hua-hin-nong-kae-prachuap-khiri-khan_ce66c03bfaf8-d401-2fe6-787e-79706105
2 BedroomCondofor rent at The Seacraze	? 38,000	https://www.dotproperty.co.th/img/pixel-lazyLoad.png	https://www.dotproperty.co.th/en/ads/2-bedroom-condo-for-rent-in-the-seacraze-hua-hin-nong-kae-prachuap-khiri-khan_31986361d15c-b48e-3506-5dc3-60061126
2 BedroomCondofor rent at La Lua Resort and Residence	? 38,000	https://www.dotproperty.co.th/img/pixel-lazyLoad.png	https://www.dotproperty.co.th/en/ads/2-bedroom-condo-for-rent-in-thap-tai-prachuap-khiri-khan_d81bbc02ff73-2a91-ea56-c3ab-925dc1d2
2 BedroomCondofor rent at La Habana	? 40,000	https://pix.dotproperty.co.th/eyJidWNrZXQiOiJwcmQtbGlmdWxsY29ubmVjdC1iYWNrZW5kLWIyYi1pbWFnZXMiLCJrZXkiOiJpbmdlc3Rlci9iN2NkMTVkMS00N2Q0LTNiODMtOWQ0My0xYTJmMmVhMDhjNzEvZjYwYTRkNGY4OTY4MDE5NjYyNTE5ZjRkMzczMjEyODM1NzBjOGJkMWYyOTUwZmVjYmU0MDE4YzVmMjRiNzQ4Yi53ZWJwIiwiYnJhbmQiOiJET1RQUk9QRVJUWSIsImVkaXRzIjp7InJlc2l6ZSI6eyJ3aWR0aCI6Mjc1LCJoZWlnaHQiOjE1NSwiZml0IjoiY292ZXIifX19	https://www.dotproperty.co.th/en/ads/2-bedroom-condo-for-rent-in-la-habana-huahin-nong-kae-prachuap-khiri-khan_82d19fb7a7f8-65c0-61e6-5c25-8c48cd2e
2 BedroomCondofor sale at The Seacraze	? 40,000	https://www.dotproperty.co.th/img/pixel-lazyLoad.png	https://www.dotproperty.co.th/en/ads/2-bedroom-condo-for-sale-or-rent-in-the-seacraze-hua-hin-nong-kae-prachuap-khiri-khan_2e60f0e28905-b37f-e1e6-5406-02b2088d
3 BedroomCondofor rent at SeaRidge	? 40,000	https://www.dotproperty.co.th/img/pixel-lazyLoad.png	https://www.dotproperty.co.th/en/ads/3-bedroom-condo-for-rent-in-searidge-resort-hua-hin-nong-kae-prachuap-khiri-khan_811d014a0260-f5c1-c776-29b9-d84ea128
2 BedroomCondofor rent at JamjureeCondo	? 40,000	https://www.dotproperty.co.th/img/pixel-lazyLoad.png	https://www.dotproperty.co.th/en/ads/2-bedroom-condo-for-rent-in-nong-kae-prachuap-khiri-khan_073c4d193a67-9f00-b7a6-5234-d4d655ff
2 BedroomCondofor rent at My Resort Hua Hin	? 43,000	https://www.dotproperty.co.th/img/pixel-lazyLoad.png	https://www.dotproperty.co.th/en/ads/2-bedroom-condo-for-rent-in-my-resort-hua-hin-hua-hin-prachuap-khiri-khan_055d09db4c2a-c36e-f8a6-6118-a270bb0d
3 BedroomCondofor sale at My Resort Hua Hin	? 44,000	https://www.dotproperty.co.th/img/pixel-lazyLoad.png	https://www.dotproperty.co.th/en/ads/3-bedroom-condo-for-sale-or-rent-in-my-resort-hua-hin-hua-hin-prachuap-khiri-khan_c18e31c3de05-dbe1-5066-a348-d66137bc
1 BedroomCondofor sale at Sansara Black Mountain	? 45,000	https://www.dotproperty.co.th/img/pixel-lazyLoad.png	https://www.dotproperty.co.th/en/ads/1-bedroom-condo-for-sale-or-rent-in-hin-lek-fai-prachuap-khiri-khan_3d72cf36168a-5f2f-f886-0ff5-5771b559
3 BedroomCondofor sale at Las TortugasCondo	? 45,000	https://www.dotproperty.co.th/img/pixel-lazyLoad.png	https://www.dotproperty.co.th/en/ads/3-bedroom-condo-for-sale-or-rent-in-las-tortugas-hua-hin-nong-kae-prachuap-khiri-khan_d44065e93639-390f-0396-199c-2bf53459
3 BedroomCondofor sale at SeaRidge	? 47,000	https://www.dotproperty.co.th/img/pixel-lazyLoad.png	https://www.dotproperty.co.th/en/ads/3-bedroom-condo-for-sale-or-rent-in-searidge-resort-hua-hin-nong-kae-prachuap-khiri-khan_6fd0b9d2a51e-ab70-6ab6-9f53-2d75afb6
3 Bedroom Penthouse for sale at Ocas Hua Hin	? 50,000	https://www.dotproperty.co.th/img/pixel-lazyLoad.png	https://www.dotproperty.co.th/en/ads/3-bedroom-condo-for-sale-or-rent-in-ocas-hua-hin-condominium-hua-hin-prachuap-khiri-khan_94c4706fb95a-d81f-ee56-ef8a-128b04bc
2 BedroomCondofor sale at Baan SansaranCondo	? 55,000	https://www.dotproperty.co.th/img/pixel-lazyLoad.png	https://www.dotproperty.co.th/en/ads/2-bedroom-condo-for-sale-or-rent-in-baan-sansaran-nong-kae-prachuap-khiri-khan_d4b86b26c5f8-fb30-fb36-9d12-7d53bc79
2 BedroomCondofor sale at Amari Residences Hua Hin	? 55,000	https://www.dotproperty.co.th/img/pixel-lazyLoad.png	https://www.dotproperty.co.th/en/ads/2-bedroom-condo-for-sale-or-rent-in-amari-residences-hua-hin-nong-kae-prachuap-khiri-khan_73cfabc0a8c3-1a10-6846-9877-76c0bf7f
2 BedroomCondofor rent at Baan Sanpluem	? 55,000	https://www.dotproperty.co.th/img/pixel-lazyLoad.png	https://www.dotproperty.co.th/en/ads/2-bedroom-condo-for-rent-in-baan-sanploen-hua-hin-prachuap-khiri-khan_5297a342372b-81fe-4816-2d0b-7fe6346d
3 Bedroom Penthouse for sale at Veranda Residence Hua Hin	? 59,900	https://www.dotproperty.co.th/img/pixel-lazyLoad.png	https://www.dotproperty.co.th/en/ads/3-bedroom-condo-for-sale-or-rent-in-veranda-residence-hua-hin-nong-kae-prachuap-khiri-khan_87b9cd03534e-707f-2056-7819-99498a7a
2 BedroomCondofor sale at Baan San Ploen	? 65,000	https://www.dotproperty.co.th/img/pixel-lazyLoad.png	https://www.dotproperty.co.th/en/ads/2-bedroom-condo-for-sale-or-rent-in-baan-sanploen-hua-hin-prachuap-khiri-khan_47cbcccd8e86-3cf0-fe16-0484-d2ccdea6
2 BedroomCondofor rent at Marrakesh Residences	? 67,000	https://www.dotproperty.co.th/img/pixel-lazyLoad.png	https://www.dotproperty.co.th/en/ads/2-bedroom-condo-for-rent-in-marrakesh-huahin-hua-hin-prachuap-khiri-khan_b5804e98cabb-5df1-57d6-6b56-023ca682
3 BedroomCondofor sale at Marrakesh Residences	? 70,000	https://www.dotproperty.co.th/img/pixel-lazyLoad.png	https://www.dotproperty.co.th/en/ads/3-bedroom-condo-for-sale-or-rent-in-marrakesh-huahin-hua-hin-prachuap-khiri-khan_c4c94b9fe1c7-079f-9d26-2329-28d29d4b
1 BedroomCondofor sale at Bluroc Hua Hin	? 8,000	https://www.dotproperty.co.th/img/pixel-lazyLoad.png	https://www.dotproperty.co.th/en/ads/1-bedroom-condo-for-sale-or-rent-in-bluroc-hua-hin-hua-hin-prachuap-khiri-khan_6e5e7ae0ede3-d13e-66c6-7bff-06820bae
2 BedroomCondofor rent at Baan Chai Talay Hua Hin	? 93,000	https://www.dotproperty.co.th/img/pixel-lazyLoad.png	https://www.dotproperty.co.th/en/ads/2-bedroom-condo-for-rent-in-baan-chai-talay-condominium-nong-kae-prachuap-khiri-khan_5be0e2b4dcb8-7e5e-9976-2e5b-3de81773
